departamento,anio,tasa_desercion
Amazonas,2010,0.39
Antioquia,2010,0.09871423913929415
Arauca,2010,0.09217046580773043
"Archipiélago De San Andrés, Providencia Y Santa Catalina",2010,0.1
Atlántico,2010,0.11828040883201997
Bogotá D.C.,2010,0.09779581656542163
Bolívar,2010,0.10230696393216837
Boyacá,2010,0.06537133752323626
Caldas,2010,0.05375580795043882
Caquetá,2010,0.10567595459236326
Casanare,2010,0.07702920211542884
Cauca,2010,0.07516202339870381
Cesar,2010,0.13628091210791135
Chocó,2010,0.1252170138888889
Córdoba,2010,0.09418088338396821
Cundinamarca,2010,0.09929238607415794
Guainía,2010,0.04
Guaviare,2010,0.15853658536585366
Huila,2010,0.09952646710637578
La Guajira,2010,0.2193897257628428
Magdalena,2010,0.07900792636154436
Meta,2010,0.11181661644425311
Nariño,2010,0.14543643381895155
Norte De Santander,2010,0.10127231355959362
Putumayo,2010,0.0995260663507109
Quindío,2010,0.09757594354096348
Risaralda,2010,0.08659578391002397
Santander,2010,0.08339912438096606
Sucre,2010,0.08298395258059853
Tolima,2010,0.1288876435976464
Valle Del Cauca,2010,0.10282746231352027
Vaupés,2010,0.3888888888888889
Vichada,2010,0.19387755102040816
Departamento de oferta del programa,2010,2010.0
Amazonas,2010,0.7358490566037735
Antioquia,2010,0.1920751610797309
"Archipiélago De San Andrés, Providencia Y Santa Catalina",2010,0.5111111111111111
Atlántico,2010,0.29601406799531066
Bogotá D.C.,2010,0.1852149586803434
Bolívar,2010,0.21448863636363635
Boyacá,2010,0.07872426322163908
Caldas,2010,0.12138728323699421
Caquetá,2010,0.37389380530973454
Casanare,2010,0.19121447028423771
Cauca,2010,0.15568544102019127
Cesar,2010,0.3622641509433962
Chocó,2010,0.1134453781512605
Córdoba,2010,0.21323529411764705
Cundinamarca,2010,0.06956813980843556
Guaviare,2010,0.625
Huila,2010,0.1866913123844732
La Guajira,2010,0.47310126582278483
Magdalena,2010,0.2389016018306636
Meta,2010,0.11839323467230443
Nariño,2010,0.29188829787234044
Norte De Santander,2010,0.20280918122644742
Putumayo,2010,0.5429553264604811
Quindío,2010,0.1720081135902637
Risaralda,2010,0.12169167803547067
Santander,2010,0.22103306844398873
Sucre,2010,0.14862267777065982
Tolima,2010,0.2505726065048099
Valle Del Cauca,2010,0.19133333333333333
Vaupés,2010,0.5714285714285714
Vichada,2010,0.4444444444444444
Departamento de oferta del programa,2010,2010.0
Amazonas,2010,1.0
Antioquia,2010,0.18940787054063993
"Archipiélago De San Andrés, Providencia Y Santa Catalina",2010,0.5111111111111111
Atlántico,2010,0.3223008445560374
Bogotá D.C.,2010,0.22105090849566214
Bolívar,2010,0.3953098827470687
Boyacá,2010,0.0
Caldas,2010,0.15517241379310345
Caquetá,2010,0.45454545454545453
Cauca,2010,0.2112676056338028
Cesar,2010,0.4157303370786517
Chocó,2010,0.0
Córdoba,2010,0.1961206896551724
Cundinamarca,2010,0.036322360953461974
Huila,2010,0.15680473372781065
La Guajira,2010,0.3037542662116041
Magdalena,2010,0.2959770114942529
Meta,2010,0.02064896755162242
Nariño,2010,0.76
Norte De Santander,2010,0.2755344418052256
Quindío,2010,0.1481203007518797
Risaralda,2010,0.18614718614718614
Santander,2010,0.18389199255121041
Sucre,2010,0.06991525423728813
Tolima,2010,0.29892008639308854
Valle Del Cauca,2010,0.23920265780730898
Departamento de oferta del programa,2010,2010.0
Amazonas,2010,0.5625
Antioquia,2010,0.19229822834645668
Atlántico,2010,0.24887433483422022
Bogotá D.C.,2010,0.15063343127033774
Bolívar,2010,0.18735863282231716
Boyacá,2010,0.12007389162561577
Caldas,2010,0.11615487316421896
Caquetá,2010,0.3697674418604651
Casanare,2010,0.19121447028423771
Cauca,2010,0.1511494252873563
Cesar,2010,0.35147392290249435
Chocó,2010,0.24770642201834864
Córdoba,2010,0.22950819672131148
Cundinamarca,2010,0.07534516765285997
Guaviare,2010,0.625
Huila,2010,0.20026881720430106
La Guajira,2010,0.5242018537590113
Magdalena,2010,0.2122229684351914
Meta,2010,0.2078272604588394
Nariño,2010,0.23024830699774265
Norte De Santander,2010,0.19055244195356286
Putumayo,2010,0.5429553264604811
Quindío,2010,0.2
Risaralda,2010,0.1123946300343428
Santander,2010,0.22696195005945302
Sucre,2010,0.26904376012965964
Tolima,2010,0.19600195026816186
Valle Del Cauca,2010,0.176701001015523
Vaupés,2010,0.5714285714285714
Vichada,2010,0.4444444444444444
Amazonas,2011,0.3
Antioquia,2011,0.08969644813018307
Arauca,2011,0.07923269391159299
"Archipiélago De San Andrés, Providencia Y Santa Catalina",2011,0.04
Atlántico,2011,0.1333380341277676
Bogotá D.C.,2011,0.09295763622519054
Bolívar,2011,0.1022087162763119
Boyacá,2011,0.06088430012610341
Caldas,2011,0.053699912255045334
Caquetá,2011,0.09536307961504811
Casanare,2011,0.132691173579713
Cauca,2011,0.07455984033074346
Cesar,2011,0.13605773919828343
Chocó,2011,0.1518823719502343
Córdoba,2011,0.10454189506656225
Cundinamarca,2011,0.11736852710054403
Guainía,2011,0.23170731707317074
Guaviare,2011,0.14705882352941177
Huila,2011,0.09592746947429992
La Guajira,2011,0.12329174093879976
Magdalena,2011,0.08333333333333333
Meta,2011,0.12090108093378145
Nariño,2011,0.11852493741575197
Norte De Santander,2011,0.09772388301666558
Putumayo,2011,0.14693295292439373
Quindío,2011,0.10816462313468302
Risaralda,2011,0.09107458371258767
Santander,2011,0.07311169187267041
Sucre,2011,0.08578715511245073
Tolima,2011,0.11424948932873143
Valle Del Cauca,2011,0.09276960572485438
Vaupés,2011,0.6041666666666666
Vichada,2011,0.2457627118644068
Departamento de oferta del programa,2011,2011.0
Amazonas,2011,0.6428571428571429
Antioquia,2011,0.17424682108373343
Arauca,2011,0.030612244897959183
"Archipiélago De San Andrés, Providencia Y Santa Catalina",2011,0.4840764331210191
Atlántico,2011,0.264637366050629
Bogotá D.C.,2011,0.1564696436291767
Bolívar,2011,0.17890811146793742
Boyacá,2011,0.12971120900636318
Caldas,2011,0.11411182959300115
Caquetá,2011,0.22486772486772486
Casanare,2011,0.26371308016877637
Cauca,2011,0.2616699539776463
Cesar,2011,0.3271889400921659
Chocó,2011,0.18796992481203006
Córdoba,2011,0.19486692015209126
Cundinamarca,2011,0.08056603773584906
Guainía,2011,0.5
Guaviare,2011,0.375
Huila,2011,0.1784351145038168
La Guajira,2011,0.29453015427769985
Magdalena,2011,0.16396039603960397
Meta,2011,0.2672985781990521
Nariño,2011,0.15926892950391644
Norte De Santander,2011,0.12353597322922476
Putumayo,2011,0.45907473309608543
Quindío,2011,0.1721141911460488
Risaralda,2011,0.1465587044534413
Santander,2011,0.15517138599105812
Sucre,2011,0.2554973821989529
Tolima,2011,0.2459858702633269
Valle Del Cauca,2011,0.16943162854618632
Vaupés,2011,0.8181818181818182
Vichada,2011,0.5783132530120482
Departamento de oferta del programa,2011,2011.0
Amazonas,2011,0.9444444444444444
Antioquia,2011,0.3483627204030227
Arauca,2011,0.0
"Archipiélago De San Andrés, Providencia Y Santa Catalina",2011,0.4840764331210191
Atlántico,2011,0.2942011834319527
Bogotá D.C.,2011,0.1897802374939552
Bolívar,2011,0.3527272727272727
Boyacá,2011,0.1774193548387097
Caldas,2011,0.21161825726141079
Caquetá,2011,0.3387096774193548
Casanare,2011,0.03571428571428571
Cauca,2011,0.5010548523206751
Cesar,2011,0.4074074074074074
Córdoba,2011,0.31756756756756754
Cundinamarca,2011,0.22429906542056074
Huila,2011,0.21554770318021202
La Guajira,2011,0.3333333333333333
Magdalena,2011,0.22265625
Meta,2011,0.25510204081632654
Nariño,2011,0.1956521739130435
Norte De Santander,2011,0.08535031847133757
Quindío,2011,0.1883308714918759
Risaralda,2011,0.2164835164835165
Santander,2011,0.1430939226519337
Sucre,2011,0.39149888143176736
Tolima,2011,0.2976588628762542
Valle Del Cauca,2011,0.21595971334495448
Vichada,2011,0.0
Departamento de oferta del programa,2011,2011.0
Amazonas,2011,0.4166666666666667
Antioquia,2011,0.15387788778877887
Arauca,2011,0.033707865168539325
Atlántico,2011,0.2082204155374887
Bogotá D.C.,2011,0.12811835456062928
Bolívar,2011,0.14307134824440834
Boyacá,2011,0.12821807168096921
Caldas,2011,0.10427135678391959
Caquetá,2011,0.20253164556962025
Casanare,2011,0.27802690582959644
Cauca,2011,0.15329512893982808
Cesar,2011,0.3087818696883853
Chocó,2011,0.18796992481203006
Córdoba,2011,0.10526315789473684
Cundinamarca,2011,0.07451828548957924
Guainía,2011,0.5
Guaviare,2011,0.375
Huila,2011,0.16470588235294117
La Guajira,2011,0.2217741935483871
Magdalena,2011,0.12391738840772819
Meta,2011,0.26854754440961337
Nariño,2011,0.15814266487213996
Norte De Santander,2011,0.13423777222420563
Putumayo,2011,0.45907473309608543
Quindío,2011,0.15145813734713076
Risaralda,2011,0.13076923076923078
Santander,2011,0.15849486887115166
Sucre,2011,0.13582677165354332
Tolima,2011,0.20403413498836306
Valle Del Cauca,2011,0.15363881401617252
Vaupés,2011,0.8181818181818182
Vichada,2011,0.6857142857142857
Amazonas,2012,0.24056603773584906
Antioquia,2012,0.07906014482045219
Arauca,2012,0.1398852223816356
"Archipiélago De San Andrés, Providencia Y Santa Catalina",2012,0.0
Atlántico,2012,0.1090722968650032
Bogotá D.C.,2012,0.08689312233309814
Bolívar,2012,0.10446749372923869
Boyacá,2012,0.0579618727221755
Caldas,2012,0.05493548211466216
Caquetá,2012,0.09825769854132901
Casanare,2012,0.08289855072463768
Cauca,2012,0.080971919476856
Cesar,2012,0.11789510673811825
Chocó,2012,0.12583757705708926
Córdoba,2012,0.0982491423163374
Cundinamarca,2012,0.12365975696926376
Guainía,2012,0.1619718309859155
Guaviare,2012,0.22433460076045628
Huila,2012,0.08939723051859896
La Guajira,2012,0.11627586206896552
Magdalena,2012,0.0830585983196852
Meta,2012,0.10872593199508399
Nariño,2012,0.11110183639398999
Norte De Santander,2012,0.0926733761549823
Putumayo,2012,0.07720144752714113
Quindío,2012,0.09606392926974411
Risaralda,2012,0.07403106401509653
Santander,2012,0.07754560924452887
Sucre,2012,0.07775309425579181
Tolima,2012,0.1339715873996294
Valle Del Cauca,2012,0.09885532540079756
Vaupés,2012,0.10526315789473684
Vichada,2012,0.21518987341772153
Departamento de oferta del programa,2012,2012.0
Amazonas,2012,0.03286384976525822
Antioquia,2012,0.10571246210307962
Arauca,2012,0.07042253521126761
"Archipiélago De San Andrés, Providencia Y Santa Catalina",2012,0.12244897959183673
Atlántico,2012,0.22421150278293137
Bogotá D.C.,2012,0.1549925187032419
Bolívar,2012,0.18419067732689698
Boyacá,2012,0.08102288021534321
Caldas,2012,0.12101645490522808
Caquetá,2012,0.15104895104895105
Casanare,2012,0.09273422562141491
Cauca,2012,0.11251125112511251
Cesar,2012,0.08627717391304347
Chocó,2012,0.06451612903225806
Córdoba,2012,0.1272515979081929
Cundinamarca,2012,0.08401158780521452
Guainía,2012,0.0
Guaviare,2012,0.02023121387283237
Huila,2012,0.08784965034965035
La Guajira,2012,0.13095238095238096
Magdalena,2012,0.13289962825278812
Meta,2012,0.09986194201564658
Nariño,2012,0.13259668508287292
Norte De Santander,2012,0.15441176470588236
Putumayo,2012,0.1875
Quindío,2012,0.08070807080708071
Risaralda,2012,0.07625
Santander,2012,0.19140403849782978
Sucre,2012,0.41031518624641833
Tolima,2012,0.12361795657386439
Valle Del Cauca,2012,0.13908872901678657
Vaupés,2012,0.0
Vichada,2012,0.0
Departamento de oferta del programa,2012,2012.0
Antioquia,2012,0.2675255778704055
Arauca,2012,0.43243243243243246
"Archipiélago De San Andrés, Providencia Y Santa Catalina",2012,0.3333333333333333
Atlántico,2012,0.38962630181743924
Bogotá D.C.,2012,0.22038245107315374
Bolívar,2012,0.3998215082552432
Boyacá,2012,0.09090909090909091
Caldas,2012,0.38386308068459657
Caquetá,2012,0.5462962962962963
Casanare,2012,0.037037037037037035
Cauca,2012,0.40096618357487923
Cesar,2012,0.39316239316239315
Chocó,2012,0.0
Córdoba,2012,0.33985330073349634
Cundinamarca,2012,0.17034700315457413
Huila,2012,0.30952380952380953
La Guajira,2012,0.21839080459770116
Magdalena,2012,0.2422879177377892
Meta,2012,0.2358490566037736
Nariño,2012,0.5
Norte De Santander,2012,0.2552742616033755
Quindío,2012,0.09852598913886734
Risaralda,2012,0.17583892617449665
Santander,2012,0.19205052005943538
Sucre,2012,0.6706263498920086
Tolima,2012,0.24943000455996353
Valle Del Cauca,2012,0.21859642225280126
Vichada,2012,0.0
Departamento de oferta del programa,2012,2012.0
Amazonas,2012,0.03286384976525822
Antioquia,2012,0.09672189822515107
Arauca,2012,0.041304347826086954
"Archipiélago De San Andrés, Providencia Y Santa Catalina",2012,0.0
Atlántico,2012,0.08652048274689784
Bogotá D.C.,2012,0.11128677939022767
Bolívar,2012,0.14032858309884724
Boyacá,2012,0.08084406686763497
Caldas,2012,0.0965391621129326
Caquetá,2012,0.08072487644151564
Casanare,2012,0.09421000981354269
Cauca,2012,0.08287841191066997
Cesar,2012,0.05977859778597786
Chocó,2012,0.06498194945848375
Córdoba,2012,0.06097560975609756
Cundinamarca,2012,0.08006347374495096
Guainía,2012,0.0
Guaviare,2012,0.02023121387283237
Huila,2012,0.06544754571703561
La Guajira,2012,0.053169734151329244
Magdalena,2012,0.07096069868995633
Meta,2012,0.08516063233044364
Nariño,2012,0.1252012882447665
Norte De Santander,2012,0.14360018091361376
Putumayo,2012,0.1875
Quindío,2012,0.06947162426614481
Risaralda,2012,0.06312997347480107
Santander,2012,0.19130998702983137
Sucre,2012,0.115995115995116
Tolima,2012,0.07169740308618743
Valle Del Cauca,2012,0.11961284730582174
Vaupés,2012,0.0
Vichada,2012,0.0
Amazonas,2013,0.18633540372670807
Antioquia,2013,0.08353724971868469
Arauca,2013,0.10567514677103718
"Archipiélago De San Andrés, Providencia Y Santa Catalina",2013,0.03571428571428571
Atlántico,2013,0.10781503178362209
Bogotá D.C.,2013,0.08988833746898263
Bolívar,2013,0.13772343014006302
Boyacá,2013,0.05882744836775483
Caldas,2013,0.05354677031657546
Caquetá,2013,0.09126094927683846
Casanare,2013,0.12854609929078015
Cauca,2013,0.07563231061301978
Cesar,2013,0.1273758430410791
Chocó,2013,0.10438441699470612
Córdoba,2013,0.09756734182501565
Cundinamarca,2013,0.06780648113482259
Guainía,2013,0.12
Guaviare,2013,0.15708812260536398
Huila,2013,0.09229595728451563
La Guajira,2013,0.11651388335326159
Magdalena,2013,0.07503158713188843
Meta,2013,0.1040859586287552
Nariño,2013,0.08809065640367757
Norte De Santander,2013,0.10519619659836614
Putumayo,2013,0.11123595505617978
Quindío,2013,0.08295856087375522
Risaralda,2013,0.07305260325575137
Santander,2013,0.08028909329829172
Sucre,2013,0.1202641640597845
Tolima,2013,0.10273934850906685
Valle Del Cauca,2013,0.0937352945641119
Vaupés,2013,0.34782608695652173
Vichada,2013,0.31313131313131315
Departamento de oferta del programa,2013,2013.0
Amazonas,2013,0.02631578947368421
Antioquia,2013,0.0949772509578544
Arauca,2013,0.14427860696517414
"Archipiélago De San Andrés, Providencia Y Santa Catalina",2013,0.14726840855106887
Atlántico,2013,0.1460843373493976
Bogotá D.C.,2013,0.1899074090219533
Bolívar,2013,0.1258922403868294
Boyacá,2013,0.07471599184386833
Caldas,2013,0.10552970161511087
Caquetá,2013,0.10518934081346423
Casanare,2013,0.07718282682103232
Cauca,2013,0.08132221734678953
Cesar,2013,0.05918003565062389
Chocó,2013,0.05291005291005291
Córdoba,2013,0.08392101551480959
Cundinamarca,2013,0.056818181818181816
Guainía,2013,0.0
Guaviare,2013,0.019448946515397084
Huila,2013,0.045142296368989206
La Guajira,2013,0.0855036855036855
Magdalena,2013,0.11814278899666084
Meta,2013,0.08892128279883382
Nariño,2013,0.06571113561190739
Norte De Santander,2013,0.1240220226021443
Putumayo,2013,0.08675263774912075
Quindío,2013,0.07050699618389969
Risaralda,2013,0.09565412186379928
Santander,2013,0.14401049137330438
Sucre,2013,0.10790697674418605
Tolima,2013,0.0967773060594365
Valle Del Cauca,2013,0.11796645228014609
Vaupés,2013,0.018867924528301886
Vichada,2013,0.032432432432432434
Departamento de oferta del programa,2013,2013.0
Antioquia,2013,0.15417348608837972
Arauca,2013,0.6111111111111112
"Archipiélago De San Andrés, Providencia Y Santa Catalina",2013,0.7023809523809523
Atlántico,2013,0.27936386280896724
Bogotá D.C.,2013,0.22635830825281167
Bolívar,2013,0.18238021638330756
Boyacá,2013,0.2425629290617849
Caldas,2013,0.1537313432835821
Caquetá,2013,0.21428571428571427
Casanare,2013,0.28776978417266186
Cauca,2013,0.2076271186440678
Cesar,2013,0.29850746268656714
Chocó,2013,0.0
Córdoba,2013,0.09868421052631579
Cundinamarca,2013,0.07152145643693109
Huila,2013,0.13963963963963963
La Guajira,2013,0.21534320323014805
Magdalena,2013,0.1910891089108911
Meta,2013,0.16591928251121077
Nariño,2013,0.1643835616438356
Norte De Santander,2013,0.10618066561014262
Putumayo,2013,0.0
Quindío,2013,0.11071932299012693
Risaralda,2013,0.15748031496062992
Santander,2013,0.2559774964838256
Sucre,2013,0.04291417165668663
Tolima,2013,0.21476793248945147
Valle Del Cauca,2013,0.14093608103388056
Vichada,2013,0.4117647058823529
Departamento de oferta del programa,2013,2013.0
Amazonas,2013,0.02631578947368421
Antioquia,2013,0.09214096391210928
Arauca,2013,0.13358778625954199
"Archipiélago De San Andrés, Providencia Y Santa Catalina",2013,0.008902077151335312
Atlántico,2013,0.07689246990947976
Bogotá D.C.,2013,0.17606726570675904
Bolívar,2013,0.11878685762426285
Boyacá,2013,0.06330689065173432
Caldas,2013,0.10066305003013863
Caquetá,2013,0.10072992700729927
Casanare,2013,0.06204756980351603
Cauca,2013,0.07680654446296016
Cesar,2013,0.053323593864134405
Chocó,2013,0.05333333333333334
Córdoba,2013,0.08109243697478992
Cundinamarca,2013,0.055846722226995445
Guainía,2013,0.0
Guaviare,2013,0.019448946515397084
Huila,2013,0.03969901401141671
La Guajira,2013,0.010835913312693499
Magdalena,2013,0.08362614195361912
Meta,2013,0.08356719675709386
Nariño,2013,0.06409681757059614
Norte De Santander,2013,0.12581725402647106
Putumayo,2013,0.08969696969696969
Quindío,2013,0.05654834761321909
Risaralda,2013,0.0865767501605652
Santander,2013,0.13328543201005927
Sucre,2013,0.16463414634146342
Tolima,2013,0.06179634726044533
Valle Del Cauca,2013,0.11275034701566528
Vaupés,2013,0.018867924528301886
Vichada,2013,0.014164305949008499
Amazonas,2014,0.2304147465437788
Antioquia,2014,0.07231473443295715
Arauca,2014,0.1411589895988113
"Archipiélago De San Andrés, Providencia Y Santa Catalina",2014,0.3617021276595745
Atlántico,2014,0.09533081285444234
Bogotá D.C.,2014,0.09158791439601985
Bolívar,2014,0.08953634085213033
Boyacá,2014,0.06429167826328973
Caldas,2014,0.050255452937708785
Caquetá,2014,0.10243445692883896
Casanare,2014,0.13624186758515117
Cauca,2014,0.08148068206345781
Cesar,2014,0.11979393411696415
Chocó,2014,0.14318945463944172
Córdoba,2014,0.07955397301349325
Cundinamarca,2014,0.07234633638152564
Guainía,2014,0.14375
Guaviare,2014,0.25
Huila,2014,0.10321509805126944
La Guajira,2014,0.1204155714106897
Magdalena,2014,0.07103292418132671
Meta,2014,0.12387486624284005
Nariño,2014,0.09878447584377122
Norte De Santander,2014,0.07249926521014989
Putumayo,2014,0.06317204301075269
Quindío,2014,0.07364599540638661
Risaralda,2014,0.068892735024695
Santander,2014,0.08522387789466061
Sucre,2014,0.07966764418377321
Tolima,2014,0.08033916269210387
Valle Del Cauca,2014,0.08448131068318772
Vaupés,2014,0.06666666666666667
Vichada,2014,0.21359223300970873
Departamento de oferta del programa,2014,2014.0
Amazonas,2014,0.30210325047801145
Antioquia,2014,0.13652257399220075
Arauca,2014,0.18107833163784334
"Archipiélago De San Andrés, Providencia Y Santa Catalina",2014,0.06995884773662552
Atlántico,2014,0.13808250572956454
Bogotá D.C.,2014,0.15315750050416294
Bolívar,2014,0.14529647793134196
Boyacá,2014,0.09258496395468589
Caldas,2014,0.11682290091724624
Caquetá,2014,0.1659919028340081
Casanare,2014,0.2492427520553873
Cauca,2014,0.13178548070634402
Cesar,2014,0.06769300430156215
Chocó,2014,0.12445223488168274
Córdoba,2014,0.06310336708264658
Cundinamarca,2014,0.09243553987136434
Guainía,2014,0.171875
Guaviare,2014,0.10384894698620188
Huila,2014,0.14738182396944136
La Guajira,2014,0.14285714285714285
Magdalena,2014,0.15519957983193278
Meta,2014,0.19354153388570214
Nariño,2014,0.1402974983096687
Norte De Santander,2014,0.1295170737098022
Putumayo,2014,0.18914381645215445
Quindío,2014,0.15492957746478872
Risaralda,2014,0.1203342618384401
Santander,2014,0.17275504782146653
Sucre,2014,0.13842619184376795
Tolima,2014,0.2086473319631575
Valle Del Cauca,2014,0.1511959150765923
Vaupés,2014,0.02564102564102564
Vichada,2014,0.18007662835249041
Departamento de oferta del programa,2014,2014.0
Amazonas,2014,0.02127659574468085
Antioquia,2014,0.1493844049247606
Arauca,2014,0.2857142857142857
"Archipiélago De San Andrés, Providencia Y Santa Catalina",2014,0.13953488372093023
Atlántico,2014,0.20236450176569937
Bogotá D.C.,2014,0.2133286932312511
Bolívar,2014,0.23769685039370078
Boyacá,2014,0.027675276752767528
Caldas,2014,0.1189710610932476
Caquetá,2014,0.2127659574468085
Casanare,2014,0.2604166666666667
Cauca,2014,0.1885245901639344
Cesar,2014,0.19117647058823528
Chocó,2014,0.0625
Córdoba,2014,0.12316715542521994
Cundinamarca,2014,0.06742738589211618
Huila,2014,0.19767441860465115
La Guajira,2014,0.31863979848866497
Magdalena,2014,0.18622656886715566
Meta,2014,0.13307240704500978
Nariño,2014,0.2073170731707317
Norte De Santander,2014,0.1281216069489685
Putumayo,2014,0.2727272727272727
Quindío,2014,0.23067253299811438
Risaralda,2014,0.16833976833976835
Santander,2014,0.23574631646380526
Sucre,2014,0.0967238689547582
Tolima,2014,0.23462986198243413
Valle Del Cauca,2014,0.20767569363681676
Vichada,2014,0.3684210526315789
Departamento de oferta del programa,2014,2014.0
Amazonas,2014,0.32983193277310924
Antioquia,2014,0.1359401328179205
Arauca,2014,0.18032786885245902
"Archipiélago De San Andrés, Providencia Y Santa Catalina",2014,0.060653188180404355
Atlántico,2014,0.10907075046774305
Bogotá D.C.,2014,0.13327647994480749
Bolívar,2014,0.13609177370330425
Boyacá,2014,0.09642233856893542
Caldas,2014,0.11659991099243436
Caquetá,2014,0.16414141414141414
Casanare,2014,0.24875846501128668
Cauca,2014,0.13102076889085285
Cesar,2014,0.06377014716187807
Chocó,2014,0.1334002006018054
Córdoba,2014,0.05161290322580645
Cundinamarca,2014,0.09388738331827763
Guainía,2014,0.171875
Guaviare,2014,0.10384894698620188
Huila,2014,0.14522821576763487
La Guajira,2014,0.09180687637161668
Magdalena,2014,0.1404494382022472
Meta,2014,0.20090562440419446
Nariño,2014,0.1383866481223922
Norte De Santander,2014,0.1296751968503937
Putumayo,2014,0.18648960739030024
Quindío,2014,0.13333333333333333
Risaralda,2014,0.1137730870712401
Santander,2014,0.16931105740604532
Sucre,2014,0.16272727272727272
Tolima,2014,0.20286618276568025
Valle Del Cauca,2014,0.14029688051040365
Vaupés,2014,0.02564102564102564
Vichada,2014,0.17296222664015903
Amazonas,2015,0.2674897119341564
Antioquia,2015,0.08015214535107394
Arauca,2015,0.10402930402930403
"Archipiélago De San Andrés, Providencia Y Santa Catalina",2015,0.05555555555555555
Atlántico,2015,0.10855356162788764
Bogotá D.C.,2015,0.09511240581436209
Bolívar,2015,0.09606502309399556
Boyacá,2015,0.06872749992561959
Caldas,2015,0.04910029292788395
Caquetá,2015,0.09712416049595315
Casanare,2015,0.14330161054172766
Cauca,2015,0.0966702470461869
Cesar,2015,0.11955176232979348
Chocó,2015,0.11335823779466701
Córdoba,2015,0.09412365431258245
Cundinamarca,2015,0.08110958759624512
Guainía,2015,0.21935483870967742
Guaviare,2015,0.21991701244813278
Huila,2015,0.09515765765765766
La Guajira,2015,0.13592528677291646
Magdalena,2015,0.07206284153005464
Meta,2015,0.10255487585462396
Nariño,2015,0.08279673749731702
Norte De Santander,2015,0.0881246019338776
Putumayo,2015,0.2623115577889447
Quindío,2015,0.07014524678185448
Risaralda,2015,0.07922124173954335
Santander,2015,0.07406419015086821
Sucre,2015,0.10518621114188981
Tolima,2015,0.10146729669236508
Valle Del Cauca,2015,0.0880660740533352
Vaupés,2015,0.0
Vichada,2015,0.23655913978494625
Departamento de oferta del programa,2015,2015.0
Amazonas,2015,0.2618384401114206
Antioquia,2015,0.11636355481802077
Arauca,2015,0.22545454545454546
"Archipiélago De San Andrés, Providencia Y Santa Catalina",2015,0.07150259067357513
Atlántico,2015,0.11040385625560054
Bogotá D.C.,2015,0.1474730208944562
Bolívar,2015,0.13549781936109143
Boyacá,2015,0.09720885466794996
Caldas,2015,0.14180796083053768
Caquetá,2015,0.19458668617410388
Casanare,2015,0.09519230769230769
Cauca,2015,0.12489779231398201
Cesar,2015,0.09008866371120963
Chocó,2015,0.1807348560079444
Córdoba,2015,0.2025974025974026
Cundinamarca,2015,0.11689393607225852
Guainía,2015,0.28027681660899656
Guaviare,2015,0.1699489423778264
Huila,2015,0.12277558820016721
La Guajira,2015,0.1284569656241923
Magdalena,2015,0.11521686455052096
Meta,2015,0.16306806498046472
Nariño,2015,0.13000463750193228
Norte De Santander,2015,0.12658726252583916
Putumayo,2015,0.14823008849557523
Quindío,2015,0.11214614081780788
Risaralda,2015,0.12703635342267874
Santander,2015,0.1568546847931409
Sucre,2015,0.16152716593245228
Tolima,2015,0.14366136962873227
Valle Del Cauca,2015,0.1321979634487972
Vaupés,2015,0.40588235294117647
Vichada,2015,0.2413793103448276
Departamento de oferta del programa,2015,2015.0
Amazonas,2015,0.22784810126582278
Antioquia,2015,0.1472560975609756
Arauca,2015,1.0
"Archipiélago De San Andrés, Providencia Y Santa Catalina",2015,0.35353535353535354
Atlántico,2015,0.22133719526912865
Bogotá D.C.,2015,0.23035694551884187
Bolívar,2015,0.24183625177472787
Boyacá,2015,0.02053388090349076
Caldas,2015,0.09454855195911414
Caquetá,2015,0.33136094674556216
Casanare,2015,0.1691542288557214
Cauca,2015,0.19101123595505617
Cesar,2015,0.5
Chocó,2015,0.02666666666666667
Córdoba,2015,0.2144469525959368
Cundinamarca,2015,0.07010014306151645
Guainía,2015,0.2558139534883721
Huila,2015,0.25673249551166966
La Guajira,2015,0.20833333333333334
Magdalena,2015,0.19801324503311257
Meta,2015,0.14111006585136407
Nariño,2015,0.21540656205420827
Norte De Santander,2015,0.13685636856368563
Putumayo,2015,0.24257425742574257
Quindío,2015,0.1499312242090784
Risaralda,2015,0.1552369077306733
Santander,2015,0.3234250221827862
Sucre,2015,0.22990915443745633
Tolima,2015,0.16032608695652173
Valle Del Cauca,2015,0.2225553176302641
Vichada,2015,0.75
Departamento de oferta del programa,2015,2015.0
Amazonas,2015,0.2714285714285714
Antioquia,2015,0.11518403836751799
Arauca,2015,0.22451456310679613
"Archipiélago De San Andrés, Providencia Y Santa Catalina",2015,0.03926096997690531
Atlántico,2015,0.07222660630477219
Bogotá D.C.,2015,0.12259519702799522
Bolívar,2015,0.12640608561948694
Boyacá,2015,0.10062145859989033
Caldas,2015,0.14743784880771182
Caquetá,2015,0.17529215358931552
Casanare,2015,0.08728046833422033
Cauca,2015,0.12367270455965022
Cesar,2015,0.07107355864811134
Chocó,2015,0.20770128354725786
Córdoba,2015,0.199055330634278
Cundinamarca,2015,0.11994955392591901
Guainía,2015,0.2845528455284553
Guaviare,2015,0.1699489423778264
Huila,2015,0.11322927328556806
La Guajira,2015,0.12373391732822338
Magdalena,2015,0.06744363775315246
Meta,2015,0.16921052631578948
Nariño,2015,0.119625520110957
Norte De Santander,2015,0.12578282560237766
Putumayo,2015,0.13636363636363635
Quindío,2015,0.10408103347034645
Risaralda,2015,0.12287003776365478
Santander,2015,0.1450492091941012
Sucre,2015,0.08584686774941995
Tolima,2015,0.13991446277385006
Valle Del Cauca,2015,0.11552945513917784
Vaupés,2015,0.40588235294117647
Vichada,2015,0.2286902286902287
Amazonas,2016,0.17419354838709677
Antioquia,2016,0.07371434062765987
Arauca,2016,0.09897360703812316
"Archipiélago De San Andrés, Providencia Y Santa Catalina",2016,0.030303030303030304
Atlántico,2016,0.08133498533586361
Bogotá D.C.,2016,0.08564360680044987
Bolívar,2016,0.0990841208727103
Boyacá,2016,0.0631701038218903
Caldas,2016,0.047416966180227775
Caquetá,2016,0.0850132833255196
Casanare,2016,0.14363438520130578
Cauca,2016,0.06739501221592219
Cesar,2016,0.10813904452075426
Chocó,2016,0.11606421064788082
Córdoba,2016,0.09841206030150754
Cundinamarca,2016,0.08585076168344952
Guainía,2016,0.15714285714285714
Guaviare,2016,0.29372937293729373
Huila,2016,0.09404727997721447
La Guajira,2016,0.1076664900194312
Magdalena,2016,0.07087298140324555
Meta,2016,0.10223572823963534
Nariño,2016,0.07227247553996677
Norte De Santander,2016,0.06833956219967965
Putumayo,2016,0.15012722646310434
Quindío,2016,0.06062319386857645
Risaralda,2016,0.06267452683834937
Santander,2016,0.08094190755481077
Sucre,2016,0.08535564853556485
Tolima,2016,0.09513783479410469
Valle Del Cauca,2016,0.0791209371042634
Vaupés,2016,0.0
Vichada,2016,0.2967032967032967
Departamento de oferta del programa,2016,2016.0
Amazonas,2016,0.03980099502487562
Antioquia,2016,0.16348456013260482
Arauca,2016,0.14035087719298245
"Archipiélago De San Andrés, Providencia Y Santa Catalina",2016,0.07749627421758569
Atlántico,2016,0.1349458943348186
Bogotá D.C.,2016,0.15389908256880733
Bolívar,2016,0.13172823218997362
Boyacá,2016,0.12845177875445726
Caldas,2016,0.1515293237302404
Caquetá,2016,0.17734322319622386
Casanare,2016,0.14797008547008547
Cauca,2016,0.13190371991247266
Cesar,2016,0.11459055009006512
Chocó,2016,0.14634146341463414
Córdoba,2016,0.15155305399207838
Cundinamarca,2016,0.1241506391800069
Guainía,2016,0.06788511749347259
Guaviare,2016,0.16738995660260383
Huila,2016,0.14640494523370567
La Guajira,2016,0.13834641357912028
Magdalena,2016,0.15133665609424557
Meta,2016,0.14040708631737656
Nariño,2016,0.13807902915495043
Norte De Santander,2016,0.13548280695967677
Putumayo,2016,0.0864
Quindío,2016,0.14781587098152302
Risaralda,2016,0.1275931296007138
Santander,2016,0.16626782077393076
Sucre,2016,0.1618780658724597
Tolima,2016,0.17873540600813329
Valle Del Cauca,2016,0.14038592145739284
Vaupés,2016,0.19540229885057472
Vichada,2016,0.13429752066115702
Departamento de oferta del programa,2016,2016.0
Amazonas,2016,0.0
Antioquia,2016,0.31407857811038353
Arauca,2016,0.0
"Archipiélago De San Andrés, Providencia Y Santa Catalina",2016,0.48148148148148145
Atlántico,2016,0.20118203309692673
Bogotá D.C.,2016,0.19360799145422525
Bolívar,2016,0.19872992155397834
Boyacá,2016,0.13996316758747698
Caldas,2016,0.25760755508919203
Caquetá,2016,0.14728682170542637
Casanare,2016,0.25066666666666665
Cauca,2016,0.08064516129032258
Cesar,2016,0.27884615384615385
Chocó,2016,0.8333333333333334
Córdoba,2016,0.11158798283261803
Cundinamarca,2016,0.32098765432098764
Guainía,2016,0.0
Huila,2016,0.15235008103727715
La Guajira,2016,0.371900826446281
Magdalena,2016,0.15020641473483645
Meta,2016,0.13789107763615296
Nariño,2016,0.16337285902503293
Norte De Santander,2016,0.1641509433962264
Putumayo,2016,0.16216216216216217
Quindío,2016,0.14172185430463577
Risaralda,2016,0.16626794258373206
Santander,2016,0.3002754820936639
Sucre,2016,0.25656223539373413
Tolima,2016,0.2240848443380089
Valle Del Cauca,2016,0.20957462575959684
Vichada,2016,0.2857142857142857
Departamento de oferta del programa,2016,2016.0
Amazonas,2016,0.0446927374301676
Antioquia,2016,0.15659440604335637
Arauca,2016,0.14055636896046853
"Archipiélago De San Andrés, Providencia Y Santa Catalina",2016,0.06920152091254753
Atlántico,2016,0.11676131754015902
Bogotá D.C.,2016,0.1440581555919664
Bolívar,2016,0.12523966284411966
Boyacá,2016,0.1279089961792289
Caldas,2016,0.12851451337507114
Caquetá,2016,0.18020679468242246
Casanare,2016,0.12224448897795591
Cauca,2016,0.1339277590756073
Cesar,2016,0.11218894981020666
Chocó,2016,0.14127764127764128
Córdoba,2016,0.16437224669603523
Cundinamarca,2016,0.12040840276962798
Guainía,2016,0.07344632768361582
Guaviare,2016,0.16738995660260383
Huila,2016,0.14597861459786146
La Guajira,2016,0.11571571571571572
Magdalena,2016,0.15196337383342137
Meta,2016,0.14089579113211795
Nariño,2016,0.13487829276425475
Norte De Santander,2016,0.13273696575404356
Putumayo,2016,0.08263352368155862
Quindío,2016,0.148987648032599
Risaralda,2016,0.12210240298887662
Santander,2016,0.15840116435771656
Sucre,2016,0.09503885236102809
Tolima,2016,0.16797857664529742
Valle Del Cauca,2016,0.12960868059563663
Vaupés,2016,0.19540229885057472
Vichada,2016,0.1320754716981132
Amazonas,2017,0.216
Antioquia,2017,0.08034902744955463
Arauca,2017,0.11079943899018233
"Archipiélago De San Andrés, Providencia Y Santa Catalina",2017,0.14925373134328357
Atlántico,2017,0.0801476853166714
Bogotá D.C.,2017,0.09484022811623065
Bolívar,2017,0.09598942513218585
Boyacá,2017,0.07796538956434967
Caldas,2017,0.09287239933549561
Caquetá,2017,0.09681014068811812
Casanare,2017,0.1246551724137931
Cauca,2017,0.13086177264915297
Cesar,2017,0.13908860497594785
Chocó,2017,0.11604253351826167
Córdoba,2017,0.12077004060761017
Cundinamarca,2017,0.08268133419612918
Guainía,2017,0.15476190476190477
Guaviare,2017,0.20865139949109415
Huila,2017,0.09143158449775902
La Guajira,2017,0.12939445562954932
Magdalena,2017,0.0665157090291537
Meta,2017,0.10485164394546913
Nariño,2017,0.06982441812984892
Norte De Santander,2017,0.06896166811778626
Putumayo,2017,0.18319719953325556
Quindío,2017,0.1425419497183998
Risaralda,2017,0.08712681052320426
Santander,2017,0.08328036664101963
Sucre,2017,0.08674077014688368
Tolima,2017,0.10733783658739705
Valle Del Cauca,2017,0.08221046443268666
Vaupés,2017,0.07142857142857142
Vichada,2017,0.21666666666666667
Departamento de oferta del programa,2017,2017.0
Amazonas,2017,0.44722222222222224
Antioquia,2017,0.11313395423212395
Arauca,2017,0.08956916099773243
"Archipiélago De San Andrés, Providencia Y Santa Catalina",2017,0.2960750853242321
Atlántico,2017,0.11026712599536906
Bogotá D.C.,2017,0.12559763088413692
Bolívar,2017,0.13057649886412273
Boyacá,2017,0.048008092125739185
Caldas,2017,0.10697592380280448
Caquetá,2017,0.053471667996807665
Casanare,2017,0.12727272727272726
Cauca,2017,0.22221303341051934
Cesar,2017,0.03437283437283437
Chocó,2017,0.04447115384615385
Córdoba,2017,0.1093143596377749
Cundinamarca,2017,0.15224092957078492
Guainía,2017,0.06460674157303371
Guaviare,2017,0.17516152189519024
Huila,2017,0.07105666156202144
La Guajira,2017,0.07659241891363815
Magdalena,2017,0.1772428884026258
Meta,2017,0.08945738960404107
Nariño,2017,0.06370875995449374
Norte De Santander,2017,0.0714879467996675
Putumayo,2017,0.040051679586563305
Quindío,2017,0.10764938386421763
Risaralda,2017,0.1157559198542805
Santander,2017,0.14603101797437146
Sucre,2017,0.15779283639883834
Tolima,2017,0.08718414072316069
Valle Del Cauca,2017,0.11190577249575552
Vaupés,2017,0.0410958904109589
Vichada,2017,0.19532554257095158
Departamento de oferta del programa,2017,2017.0
Amazonas,2017,0.3333333333333333
Antioquia,2017,0.11734117115080263
Arauca,2017,1.0
"Archipiélago De San Andrés, Providencia Y Santa Catalina",2017,0.5454545454545454
Atlántico,2017,0.2115828334102446
Bogotá D.C.,2017,0.22890185455303189
Bolívar,2017,0.30067567567567566
Boyacá,2017,0.07201800450112528
Caldas,2017,0.03964194373401535
Caquetá,2017,0.08602150537634409
Casanare,2017,0.12558139534883722
Cauca,2017,0.3588850174216028
Cesar,2017,0.48
Chocó,2017,0.05970149253731343
Córdoba,2017,0.12812248186946013
Cundinamarca,2017,0.0436241610738255
Guainía,2017,0.2777777777777778
Huila,2017,0.1550068587105624
La Guajira,2017,0.3047404063205418
Magdalena,2017,0.16398016119032857
Meta,2017,0.17513134851138354
Nariño,2017,0.1529790660225443
Norte De Santander,2017,0.08024158757549611
Putumayo,2017,0.15873015873015872
Quindío,2017,0.1220414201183432
Risaralda,2017,0.2423547400611621
Santander,2017,0.23901808785529716
Sucre,2017,0.2193877551020408
Tolima,2017,0.13579163008486977
Valle Del Cauca,2017,0.19834710743801653
Vichada,2017,0.3333333333333333
Departamento de oferta del programa,2017,2017.0
Amazonas,2017,0.45321637426900585
Antioquia,2017,0.11292280809249866
Arauca,2017,0.08853575482406356
"Archipiélago De San Andrés, Providencia Y Santa Catalina",2017,0.29371231696813094
Atlántico,2017,0.07743213938532864
Bogotá D.C.,2017,0.09503590913294085
Bolívar,2017,0.11422281569165253
Boyacá,2017,0.04522962062679052
Caldas,2017,0.13262696382900988
Caquetá,2017,0.05086206896551724
Casanare,2017,0.12784313725490196
Cauca,2017,0.21889030072003388
Cesar,2017,0.026516220028208744
Chocó,2017,0.04154727793696275
Córdoba,2017,0.10244333235207537
Cundinamarca,2017,0.15761094981335547
Guainía,2017,0.05325443786982249
Guaviare,2017,0.17516152189519024
Huila,2017,0.0643061989852195
La Guajira,2017,0.05497326203208556
Magdalena,2017,0.18447751099086912
Meta,2017,0.06986986986986987
Nariño,2017,0.05368763557483731
Norte De Santander,2017,0.07055468678134487
Putumayo,2017,0.03758654797230465
Quindío,2017,0.10496551724137931
Risaralda,2017,0.09863523573200993
Santander,2017,0.13939989558060256
Sucre,2017,0.11190878378378379
Tolima,2017,0.07195893299110825
Valle Del Cauca,2017,0.0970837580488775
Vaupés,2017,0.034722222222222224
Vichada,2017,0.19392917369308602
Amazonas,2018,0.12878787878787878
Antioquia,2018,0.07760066109367889
Arauca,2018,0.08438538205980066
"Archipiélago De San Andrés, Providencia Y Santa Catalina",2018,0.07352941176470588
Atlántico,2018,0.09947756772768891
Bogotá D.C.,2018,0.09186871367503485
Bolívar,2018,0.0909065986786194
Boyacá,2018,0.07627290725417533
Caldas,2018,0.04991636253041363
Caquetá,2018,0.08578157927358374
Casanare,2018,0.11254281520143533
Cauca,2018,0.09440432484770242
Cesar,2018,0.1272251054954649
Chocó,2018,0.13584236864053378
Córdoba,2018,0.07516087516087516
Cundinamarca,2018,0.11060287516336155
Guainía,2018,0.35428571428571426
Guaviare,2018,0.14965986394557823
Huila,2018,0.0866631320190871
La Guajira,2018,0.10595150624540779
Magdalena,2018,0.059917608190235346
Meta,2018,0.113139030371628
Nariño,2018,0.07176981145837132
Norte De Santander,2018,0.056811948862917176
Putumayo,2018,0.17142857142857143
Quindío,2018,0.04226447098734893
Risaralda,2018,0.07372754491017965
Santander,2018,0.07809047185753282
Sucre,2018,0.11360060419157908
Tolima,2018,0.10628269783664043
Valle Del Cauca,2018,0.0983250379665451
Vaupés,2018,0.02857142857142857
Vichada,2018,0.2345679012345679
Departamento de oferta del programa,2018,2018.0
Amazonas,2018,0.051643192488262914
Antioquia,2018,0.0987069242810885
Arauca,2018,0.10826542491268917
"Archipiélago De San Andrés, Providencia Y Santa Catalina",2018,0.17736289381563594
Atlántico,2018,0.12366521178182217
Bogotá D.C.,2018,0.13572563712923544
Bolívar,2018,0.13074538347486184
Boyacá,2018,0.1212753706635958
Caldas,2018,0.0788088044885628
Caquetá,2018,0.07514450867052024
Casanare,2018,0.1425925925925926
Cauca,2018,0.06724324324324324
Cesar,2018,0.1120978120978121
Chocó,2018,0.10840108401084012
Córdoba,2018,0.11375075498288706
Cundinamarca,2018,0.09647473090312512
Guainía,2018,0.1318407960199005
Guaviare,2018,0.05921539600296077
Huila,2018,0.08707784085442125
La Guajira,2018,0.1586116812838216
Magdalena,2018,0.16371537208039108
Meta,2018,0.10133570792520036
Nariño,2018,0.08960754589860198
Norte De Santander,2018,0.08717538953256093
Putumayo,2018,0.13377400062952471
Quindío,2018,0.10251757768201407
Risaralda,2018,0.08514381212067904
Santander,2018,0.140784447865002
Sucre,2018,0.132043530834341
Tolima,2018,0.08316529178124045
Valle Del Cauca,2018,0.11059935639581657
Vaupés,2018,0.20279720279720279
Vichada,2018,0.0415944540727903
Departamento de oferta del programa,2018,2018.0
Amazonas,2018,0.13333333333333333
Antioquia,2018,0.11049304677623262
"Archipiélago De San Andrés, Providencia Y Santa Catalina",2018,0.23333333333333334
Atlántico,2018,0.20861507638367144
Bogotá D.C.,2018,0.18898950058330094
Bolívar,2018,0.1740024681201152
Boyacá,2018,0.3407707910750507
Caldas,2018,0.0532724505327245
Caquetá,2018,0.16260162601626016
Casanare,2018,0.17747440273037543
Cauca,2018,0.21428571428571427
Cesar,2018,0.15384615384615385
Chocó,2018,0.1
Córdoba,2018,0.15182186234817813
Cundinamarca,2018,0.08179012345679013
Guainía,2018,0.1
Huila,2018,0.14409937888198757
La Guajira,2018,0.19294990723562153
Magdalena,2018,0.18780251694094868
Meta,2018,0.14030384271671134
Nariño,2018,0.15321477428180574
Norte De Santander,2018,0.0852233676975945
Putumayo,2018,0.12698412698412698
Quindío,2018,0.1077490774907749
Risaralda,2018,0.17134192570128887
Santander,2018,0.18553960659223817
Sucre,2018,0.14533492822966507
Tolima,2018,0.13293380550258785
Valle Del Cauca,2018,0.18591749644381222
Departamento de oferta del programa,2018,2018.0
Amazonas,2018,0.045454545454545456
Antioquia,2018,0.09818499400969645
Arauca,2018,0.10826542491268917
"Archipiélago De San Andrés, Providencia Y Santa Catalina",2018,0.17314930991217065
Atlántico,2018,0.09981366241254438
Bogotá D.C.,2018,0.12166818168489575
Bolívar,2018,0.1268856670948798
Boyacá,2018,0.08496896493876867
Caldas,2018,0.08891566265060241
Caquetá,2018,0.06661379857256146
Casanare,2018,0.12960609911054638
Cauca,2018,0.06679679028410324
Cesar,2018,0.11181653278051308
Chocó,2018,0.10851648351648352
Córdoba,2018,0.0975609756097561
Cundinamarca,2018,0.09727790673137793
Guainía,2018,0.1326530612244898
Guaviare,2018,0.05921539600296077
Huila,2018,0.08229036295369212
La Guajira,2018,0.15477178423236515
Magdalena,2018,0.15149033737307566
Meta,2018,0.09163701067615658
Nariño,2018,0.08067614291202459
Norte De Santander,2018,0.08743218806509946
Putumayo,2018,0.13391136801541426
Quindío,2018,0.10156773415516548
Risaralda,2018,0.07383084577114428
Santander,2018,0.1382488479262673
Sucre,2018,0.12302070645554203
Tolima,2018,0.06877264849535214
Valle Del Cauca,2018,0.0981962988990396
Vaupés,2018,0.20279720279720279
Vichada,2018,0.0415944540727903
Amazonas,2019,0.2073732718894009
Antioquia,2019,0.0743939453886719
Arauca,2019,0.10175202156334232
"Archipiélago De San Andrés, Providencia Y Santa Catalina",2019,0.02631578947368421
Atlántico,2019,0.08538767134099819
Bogotá D.C.,2019,0.09182105325111008
Bolívar,2019,0.08808678282099656
Boyacá,2019,0.059704875100725224
Caldas,2019,0.04677911292397016
Caquetá,2019,0.08402935965578334
Casanare,2019,0.10453648915187377
Cauca,2019,0.08384432486547366
Cesar,2019,0.1041421190972537
Chocó,2019,0.10052970981114694
Córdoba,2019,0.07206486185538312
Cundinamarca,2019,0.07267388511653515
Guainía,2019,0.3229166666666667
Guaviare,2019,0.1525096525096525
Huila,2019,0.08346359717682725
La Guajira,2019,0.11099676565715966
Magdalena,2019,0.050656501482422706
Meta,2019,0.09671244676269321
Nariño,2019,0.065806979838297
Norte De Santander,2019,0.049560038741319264
Putumayo,2019,0.09238451935081149
Quindío,2019,0.09775149656884216
Risaralda,2019,0.07826758904916102
Santander,2019,0.07338593504452592
Sucre,2019,0.09889974038818149
Tolima,2019,0.09469530907496712
Valle Del Cauca,2019,0.08182759936753721
Vaupés,2019,0.05555555555555555
Vichada,2019,0.13114754098360656
Departamento de oferta del programa,2019,2019.0
Amazonas,2019,0.26666666666666666
Antioquia,2019,0.1315959455430786
Arauca,2019,0.16417910447761194
"Archipiélago De San Andrés, Providencia Y Santa Catalina",2019,0.22058823529411764
Atlántico,2019,0.17137219186399513
Bogotá D.C.,2019,0.16368806815477607
Bolívar,2019,0.13597162331339546
Boyacá,2019,0.09592145015105741
Caldas,2019,0.08854850474106492
Caquetá,2019,0.19343065693430658
Casanare,2019,0.14849187935034802
Cauca,2019,0.09755118426334805
Cesar,2019,0.2056338028169014
Chocó,2019,0.6094674556213018
Córdoba,2019,0.15889691398555483
Cundinamarca,2019,0.07302353651176825
Guainía,2019,0.375
Guaviare,2019,0.3333333333333333
Huila,2019,0.13726602382302894
La Guajira,2019,0.1903435468895079
Magdalena,2019,0.1375821952453212
Meta,2019,0.2565582371458552
Nariño,2019,0.10785749145924842
Norte De Santander,2019,0.11658177702320317
Putumayo,2019,0.09271523178807947
Quindío,2019,0.1224400871459695
Risaralda,2019,0.12220717670954638
Santander,2019,0.17340179717586648
Sucre,2019,0.12179775280898876
Tolima,2019,0.17916736895331198
Valle Del Cauca,2019,0.1490924977163509
Vichada,2019,0.5
Departamento de oferta del programa,2019,2019.0
Amazonas,2019,0.0
Antioquia,2019,0.1343607553722596
Arauca,2019,0.0
"Archipiélago De San Andrés, Providencia Y Santa Catalina",2019,0.22058823529411764
Atlántico,2019,0.19489350782653322
Bogotá D.C.,2019,0.20557756781469064
Bolívar,2019,0.11917308471828131
Boyacá,2019,0.06975533576262363
Caldas,2019,0.052806972571135605
Caquetá,2019,0.3125
Casanare,2019,0.13071895424836602
Cauca,2019,0.14285714285714285
Cesar,2019,0.20833333333333334
Chocó,2019,0.9479166666666666
Córdoba,2019,0.1630669546436285
Cundinamarca,2019,0.058361391694725026
Guainía,2019,0.75
Huila,2019,0.15164520743919885
La Guajira,2019,0.14954682779456194
Magdalena,2019,0.18164967562557924
Meta,2019,0.376720901126408
Nariño,2019,0.09936575052854123
Norte De Santander,2019,0.08585164835164835
Putumayo,2019,0.0
Quindío,2019,0.11147976111479761
Risaralda,2019,0.13658804168952277
Santander,2019,0.2961910176236498
Sucre,2019,0.11634904714142427
Tolima,2019,0.21104853848216681
Valle Del Cauca,2019,0.18455903071287685
Departamento de oferta del programa,2019,2019.0
Amazonas,2019,0.3076923076923077
Antioquia,2019,0.13123860288960584
Arauca,2019,0.16541353383458646
Atlántico,2019,0.1373095503530286
Bogotá D.C.,2019,0.12676844555873926
Bolívar,2019,0.13945092771387793
Boyacá,2019,0.12042905899561189
Caldas,2019,0.13574813811780637
Caquetá,2019,0.18604651162790697
Casanare,2019,0.192
Cauca,2019,0.09703613479496549
Cesar,2019,0.20521172638436483
Chocó,2019,0.1643835616438356
Córdoba,2019,0.152428810720268
Cundinamarca,2019,0.07622549019607844
Guainía,2019,0.0
Guaviare,2019,0.3333333333333333
Huila,2019,0.12781954887218044
La Guajira,2019,0.25542168674698795
Magdalena,2019,0.08463251670378619
Meta,2019,0.16982836495031617
Nariño,2019,0.11040609137055837
Norte De Santander,2019,0.1282184655396619
Putumayo,2019,0.09487951807228916
Quindío,2019,0.1434010152284264
Risaralda,2019,0.11578947368421053
Santander,2019,0.16121020546398734
Sucre,2019,0.1262214983713355
Tolima,2019,0.12522686025408347
Valle Del Cauca,2019,0.13516951496045573
Vichada,2019,0.5
Amazonas,2020,0.17712177121771217
Antioquia,2020,0.08141355030338564
Arauca,2020,0.09116214335421016
"Archipiélago De San Andrés, Providencia Y Santa Catalina",2020,0.09803921568627451
Atlántico,2020,0.08289891926255563
Bogotá D.C.,2020,0.09142149675821849
Bolívar,2020,0.08500855705126567
Boyacá,2020,0.05118542193388351
Caldas,2020,0.048553495418800954
Caquetá,2020,0.0636545737814378
Casanare,2020,0.0998700876908087
Cauca,2020,0.08585660914428038
Cesar,2020,0.09551639916259595
Chocó,2020,0.11465089660434949
Córdoba,2020,0.08437340804890474
Cundinamarca,2020,0.06855608899901915
Guainía,2020,0.20909090909090908
Guaviare,2020,0.15019762845849802
Huila,2020,0.0724833918673042
La Guajira,2020,0.142296918767507
Magdalena,2020,0.05002253267237494
Meta,2020,0.08263788098693758
Nariño,2020,0.042737530222978416
Norte De Santander,2020,0.047746856900692185
Putumayo,2020,0.11171171171171171
Quindío,2020,0.06948429623885227
Risaralda,2020,0.0697320001486823
Santander,2020,0.07052265934243476
Sucre,2020,0.09629164705267011
Tolima,2020,0.08020195701711273
Valle Del Cauca,2020,0.07513720170191775
Vaupés,2020,0.03125
Vichada,2020,0.11428571428571428
Departamento de oferta del programa,2020,2020.0
Amazonas,2020,0.07692307692307693
Antioquia,2020,0.13020672631903735
Arauca,2020,0.2727272727272727
"Archipiélago De San Andrés, Providencia Y Santa Catalina",2020,0.17307692307692307
Atlántico,2020,0.1706935758953951
Bogotá D.C.,2020,0.14890426322886344
Bolívar,2020,0.13060526128181366
Boyacá,2020,0.09525959367945824
Caldas,2020,0.07967528562838244
Caquetá,2020,0.1373134328358209
Casanare,2020,0.12019826517967781
Cauca,2020,0.10279101429543908
Cesar,2020,0.16062176165803108
Chocó,2020,0.12554112554112554
Córdoba,2020,0.12970027247956403
Cundinamarca,2020,0.05384140697315643
Guainía,2020,0.3
Guaviare,2020,0.25
Huila,2020,0.10083620265617314
La Guajira,2020,0.22337662337662337
Magdalena,2020,0.10560870380791597
Meta,2020,0.10334212840809147
Nariño,2020,0.12112068965517242
Norte De Santander,2020,0.08988553199474573
Putumayo,2020,0.09951219512195122
Quindío,2020,0.11907066795740562
Risaralda,2020,0.11368987554658594
Santander,2020,0.1609860456070404
Sucre,2020,0.102088948787062
Tolima,2020,0.0966944701884461
Valle Del Cauca,2020,0.13617977528089886
Vichada,2020,0.2
Departamento de oferta del programa,2020,2020.0
Amazonas,2020,0.0
Antioquia,2020,0.08710250839423267
Arauca,2020,0.0
"Archipiélago De San Andrés, Providencia Y Santa Catalina",2020,0.17307692307692307
Atlántico,2020,0.2037712895377129
Bogotá D.C.,2020,0.15761413764174176
Bolívar,2020,0.12244897959183673
Boyacá,2020,0.0912906610703043
Caldas,2020,0.04261979292078016
Caquetá,2020,0.11538461538461539
Casanare,2020,0.09508716323296355
Cauca,2020,0.16666666666666666
Cesar,2020,0.0
Chocó,2020,0.03773584905660377
Córdoba,2020,0.12795436022819887
Cundinamarca,2020,0.04133430021754895
Guainía,2020,0.0
Huila,2020,0.09869203329369798
La Guajira,2020,0.17084826762246116
Magdalena,2020,0.11499540018399264
Meta,2020,0.10263396911898275
Nariño,2020,0.15852205005959474
Norte De Santander,2020,0.07398932112890923
Putumayo,2020,0.21052631578947367
Quindío,2020,0.10324729392173189
Risaralda,2020,0.1337579617834395
Santander,2020,0.12148337595907928
Sucre,2020,0.08947700063011972
Tolima,2020,0.07879656160458452
Valle Del Cauca,2020,0.1529027902790279
Departamento de oferta del programa,2020,2020.0
Amazonas,2020,0.09090909090909091
Antioquia,2020,0.13609387644995954
Arauca,2020,0.27631578947368424
Atlántico,2020,0.12423103212576897
Bogotá D.C.,2020,0.14131408895806802
Bolívar,2020,0.13212654373202504
Boyacá,2020,0.098256735340729
Caldas,2020,0.14125650260104042
Caquetá,2020,0.1413427561837456
Casanare,2020,0.21022727272727273
Cauca,2020,0.09847383720930232
Cesar,2020,0.17032967032967034
Chocó,2020,0.2
Córdoba,2020,0.13322368421052633
Cundinamarca,2020,0.05722124240642759
Guainía,2020,0.5
Guaviare,2020,0.25
Huila,2020,0.10234899328859061
La Guajira,2020,0.36163522012578614
Magdalena,2020,0.09082125603864734
Meta,2020,0.10400682011935208
Nariño,2020,0.099932478055368
Norte De Santander,2020,0.09507217521154804
Putumayo,2020,0.09741550695825049
Quindío,2020,0.14104046242774568
Risaralda,2020,0.10320102432778488
Santander,2020,0.16423722570120508
Sucre,2020,0.1165821868211441
Tolima,2020,0.1294838145231846
Valle Del Cauca,2020,0.12783516730294184
Vichada,2020,0.2
Amazonas,2021,0.15185185185185185
Antioquia,2021,0.08226111418557462
Arauca,2021,0.10833333333333334
"Archipiélago De San Andrés, Providencia Y Santa Catalina",2021,0.1076923076923077
Atlántico,2021,0.09489237194507509
Bogotá D.C.,2021,0.10584021619493338
Bolívar,2021,0.08938911588499235
Boyacá,2021,0.0641697528707521
Caldas,2021,0.06530671087724357
Caquetá,2021,0.05491394927536232
Casanare,2021,0.14034302759134973
Cauca,2021,0.10538485793364398
Cesar,2021,0.0985325834143866
Chocó,2021,0.09559032716927454
Córdoba,2021,0.06851156113503772
Cundinamarca,2021,0.07122969275839527
Guainía,2021,0.12807881773399016
Guaviare,2021,0.12903225806451613
Huila,2021,0.08325018956778545
La Guajira,2021,0.12737503653902368
Magdalena,2021,0.037838667587689
Meta,2021,0.10213914849428868
Nariño,2021,0.07775151823376313
Norte De Santander,2021,0.04240672727637626
Putumayo,2021,0.11147757255936676
Quindío,2021,0.06447608616283315
Risaralda,2021,0.06583448577043453
Santander,2021,0.0812662870379307
Sucre,2021,0.10770266371766515
Tolima,2021,0.08036593370528389
Valle Del Cauca,2021,0.0874309711980424
Vaupés,2021,0.25773195876288657
Vichada,2021,0.12751677852348994
Departamento de oferta del programa,2021,2021.0
Amazonas,2021,0.18181818181818182
Antioquia,2021,0.12419320519185757
Arauca,2021,0.13636363636363635
"Archipiélago De San Andrés, Providencia Y Santa Catalina",2021,0.21465968586387435
Atlántico,2021,0.2112001197873774
Bogotá D.C.,2021,0.2033932513402712
Bolívar,2021,0.20884916855907992
Boyacá,2021,0.08060109289617487
Caldas,2021,0.16975200838281523
Caquetá,2021,0.13141025641025642
Casanare,2021,0.20942982456140352
Cauca,2021,0.11598857958601
Cesar,2021,0.19239904988123516
Chocó,2021,0.10877192982456141
Córdoba,2021,0.14559894109861019
Cundinamarca,2021,0.05561312607944732
Guainía,2021,0.375
Guaviare,2021,0.23809523809523808
Huila,2021,0.13179916317991633
La Guajira,2021,0.22482967448902347
Magdalena,2021,0.11258898463844136
Meta,2021,0.13407015857760693
Nariño,2021,0.15151515151515152
Norte De Santander,2021,0.11361926260346125
Putumayo,2021,0.1009009009009009
Quindío,2021,0.10526315789473684
Risaralda,2021,0.11283292978208233
Santander,2021,0.14540219542918842
Sucre,2021,0.1424821897262842
Tolima,2021,0.12093647479868774
Valle Del Cauca,2021,0.19316329677106736
Vaupés,2021,0.0
Vichada,2021,0.0
Departamento de oferta del programa,2021,2021.0
Amazonas,2021,0.0
Antioquia,2021,0.12964930924548354
Arauca,2021,0.0
"Archipiélago De San Andrés, Providencia Y Santa Catalina",2021,0.21465968586387435
Atlántico,2021,0.23353530031612224
Bogotá D.C.,2021,0.22499235665249173
Bolívar,2021,0.10528523489932885
Boyacá,2021,0.05954258675078864
Caldas,2021,0.17247007616974971
Casanare,2021,0.17084282460136674
Cauca,2021,0.14285714285714285
Cesar,2021,0.14285714285714285
Chocó,2021,0.05847953216374269
Córdoba,2021,0.16666666666666666
Cundinamarca,2021,0.043594902749832326
Huila,2021,0.16644823066841416
La Guajira,2021,0.22342342342342342
Magdalena,2021,0.14124597207303974
Meta,2021,0.0869120654396728
Nariño,2021,0.48148148148148145
Norte De Santander,2021,0.13318025258323765
Putumayo,2021,0.09523809523809523
Quindío,2021,0.1123076923076923
Risaralda,2021,0.17039106145251395
Santander,2021,0.1341692789968652
Sucre,2021,0.16009463722397477
Tolima,2021,0.12110651274232194
Valle Del Cauca,2021,0.22491617229816868
Departamento de oferta del programa,2021,2021.0
Amazonas,2021,0.2
Antioquia,2021,0.12335270524678726
Arauca,2021,0.13846153846153847
Atlántico,2021,0.18178664353859497
Bogotá D.C.,2021,0.18544438285291945
Bolívar,2021,0.230762403479187
Boyacá,2021,0.10123647604327667
Caldas,2021,0.1648780487804878
Caquetá,2021,0.13141025641025642
Casanare,2021,0.2452431289640592
Cauca,2021,0.11578568860122258
Cesar,2021,0.195
Chocó,2021,0.18421052631578946
Córdoba,2021,0.11507293354943274
Cundinamarca,2021,0.059781344498720634
Guainía,2021,0.375
Guaviare,2021,0.23809523809523808
Huila,2021,0.10879025239338555
La Guajira,2021,0.23222748815165878
Magdalena,2021,0.046468401486988845
Meta,2021,0.17588395285584768
Nariño,2021,0.13202042304886943
Norte De Santander,2021,0.10978627671541058
Putumayo,2021,0.1009549795361528
Quindío,2021,0.10069790628115653
Risaralda,2021,0.07373271889400922
Santander,2021,0.1462705374884893
Sucre,2021,0.12651894210150108
Tolima,2021,0.12056737588652482
Valle Del Cauca,2021,0.17669097477754733
Vaupés,2021,0.0
Vichada,2021,0.0
Amazonas,2022,0.17073170731707318
Antioquia,2022,0.07610707597718194
Arauca,2022,0.1235340109460516
"Archipiélago De San Andrés, Providencia Y Santa Catalina",2022,0.21176470588235294
Atlántico,2022,0.07917252695733708
Bogotá D.C.,2022,0.09846054786730303
Bolívar,2022,0.07725094577553594
Boyacá,2022,0.04986193472454846
Caldas,2022,0.07063773250664304
Caquetá,2022,0.08035196286985109
Casanare,2022,0.0899581589958159
Cauca,2022,0.07441211210136368
Cesar,2022,0.09028661228765995
Chocó,2022,0.07602115104605717
Córdoba,2022,0.06048678841200475
Cundinamarca,2022,0.0630515532211891
Guainía,2022,0.15813953488372093
Guaviare,2022,0.10661764705882353
Huila,2022,0.07881032287929637
La Guajira,2022,0.11775118600863839
Magdalena,2022,0.047188220684761396
Meta,2022,0.0922226608764311
Nariño,2022,0.06115610978381213
Norte De Santander,2022,0.04352966677833173
Putumayo,2022,0.10265087422447829
Quindío,2022,0.0741618692854724
Risaralda,2022,0.07879109225874867
Santander,2022,0.07383888236901757
Sucre,2022,0.08693568484616122
Tolima,2022,0.09984773505900267
Valle Del Cauca,2022,0.07182507987220448
Vaupés,2022,0.45977011494252873
Vichada,2022,0.18466898954703834
Departamento de oferta del programa,2022,2022.0
Amazonas,2022,0.06060606060606061
Antioquia,2022,0.14286712146965005
Arauca,2022,0.13924050632911392
"Archipiélago De San Andrés, Providencia Y Santa Catalina",2022,0.34767441860465115
Atlántico,2022,0.13796181843153413
Bogotá D.C.,2022,0.18390252534189439
Bolívar,2022,0.10378265047610728
Boyacá,2022,0.08255126868265554
Caldas,2022,0.07884195193008012
Caquetá,2022,0.0748792270531401
Casanare,2022,0.12220762155059132
Cauca,2022,0.08029837648091268
Cesar,2022,0.14738805970149255
Chocó,2022,0.13963963963963963
Córdoba,2022,0.11039426523297491
Cundinamarca,2022,0.05188356164383562
Guainía,2022,0.25
Guaviare,2022,0.2413793103448276
Huila,2022,0.10343061955965181
La Guajira,2022,0.1444776119402985
Magdalena,2022,0.1496625645097261
Meta,2022,0.10592627158189453
Nariño,2022,0.09725315515961395
Norte De Santander,2022,0.08702882483370289
Putumayo,2022,0.10914801727522576
Quindío,2022,0.12335092348284961
Risaralda,2022,0.10890180483328235
Santander,2022,0.10879600748596381
Sucre,2022,0.12534435261707988
Tolima,2022,0.10789814415192059
Valle Del Cauca,2022,0.1472185527667694
Vichada,2022,0.0
Departamento de oferta del programa,2022,2022.0
Amazonas,2022,0.034482758620689655
Antioquia,2022,0.1144587589180311
Arauca,2022,0.0
"Archipiélago De San Andrés, Providencia Y Santa Catalina",2022,0.29975429975429974
Atlántico,2022,0.1818988193552334
Bogotá D.C.,2022,0.18942960142425413
Bolívar,2022,0.10502475508269252
Boyacá,2022,0.06955613577023499
Caldas,2022,0.09171385797044848
Caquetá,2022,0.0
Casanare,2022,0.12193823216187434
Cauca,2022,0.13157894736842105
Cesar,2022,0.14414414414414414
Chocó,2022,0.20287539936102236
Córdoba,2022,0.1369216241737488
Cundinamarca,2022,0.03718309859154929
Huila,2022,0.1297456690011058
La Guajira,2022,0.15215782983970408
Magdalena,2022,0.1521076499888484
Meta,2022,0.14185733512786003
Nariño,2022,0.197136563876652
Norte De Santander,2022,0.08824214202561118
Putumayo,2022,0.07920792079207921
Quindío,2022,0.10846560846560846
Risaralda,2022,0.12597679374852
Santander,2022,0.17314968972302103
Sucre,2022,0.11488708616531462
Tolima,2022,0.1170728856157578
Valle Del Cauca,2022,0.1790287046201986
Departamento de oferta del programa,2022,2022.0
Amazonas,2022,0.1111111111111111
Antioquia,2022,0.1457020019518371
Arauca,2022,0.14102564102564102
Atlántico,2022,0.14515274589440227
Bogotá D.C.,2022,0.15167788438588953
Bolívar,2022,0.10918774966711052
Boyacá,2022,0.09920484664899659
Caldas,2022,0.10182207931404073
Caquetá,2022,0.0748792270531401
Casanare,2022,0.18
Cauca,2022,0.07895897662108513
Cesar,2022,0.14423076923076922
Chocó,2022,0.18134715025906736
Córdoba,2022,0.0734632683658171
Cundinamarca,2022,0.0617906683480454
Guainía,2022,0.25
Guaviare,2022,0.2413793103448276
Huila,2022,0.0862207896857373
La Guajira,2022,0.12446351931330472
Magdalena,2022,0.10398684751335799
Meta,2022,0.1510164569215876
Nariño,2022,0.0924812030075188
Norte De Santander,2022,0.0858790856654561
Putumayo,2022,0.10855784469096671
Quindío,2022,0.11081081081081082
Risaralda,2022,0.10023474178403756
Santander,2022,0.10729479199319332
Sucre,2022,0.12431587177482409
Tolima,2022,0.14172185430463577
Valle Del Cauca,2022,0.1357171554841302
Vichada,2022,0.0
Amazonas,2023,0.20921985815602837
Antioquia,2023,0.07930607862480175
Arauca,2023,0.08241758241758242
"Archipiélago De San Andrés, Providencia Y Santa Catalina",2023,0.11428571428571428
Atlántico,2023,0.07033940547398948
Bogotá D.C.,2023,0.09493278724213579
Bolívar,2023,0.07148750303324436
Boyacá,2023,0.05480148554248828
Caldas,2023,0.05209554513481829
Caquetá,2023,0.07233886494911525
Casanare,2023,0.08197212647984414
Cauca,2023,0.07145602459803985
Cesar,2023,0.08892590052578296
Chocó,2023,0.06336846344901657
Córdoba,2023,0.052452485683459206
Cundinamarca,2023,0.06983029819664141
Guainía,2023,0.13090909090909092
Guaviare,2023,0.11437908496732026
Huila,2023,0.0788555224314695
La Guajira,2023,0.09009867301803334
Magdalena,2023,0.046919447140323284
Meta,2023,0.09155678016138555
Nariño,2023,0.05917314920024473
Norte De Santander,2023,0.05267379143023279
Putumayo,2023,0.11302681992337164
Quindío,2023,0.07659356818617735
Risaralda,2023,0.07316391093089104
Santander,2023,0.07802082492533699
Sucre,2023,0.08281154371263123
Tolima,2023,0.10311234356186376
Valle Del Cauca,2023,0.06363160360459669
Vaupés,2023,0.2625
Vichada,2023,0.14689265536723164
Departamento de oferta del programa,2023,2023.0
Amazonas,2023,0.07017543859649122
Antioquia,2023,0.13500128303823453
Arauca,2023,0.07407407407407407
"Archipiélago De San Andrés, Providencia Y Santa Catalina",2023,0.18465227817745802
Atlántico,2023,0.1193381706244503
Bogotá D.C.,2023,0.19466004006612003
Bolívar,2023,0.09804067645086792
Boyacá,2023,0.1439824143616047
Caldas,2023,0.10183938986092418
Caquetá,2023,0.16435643564356436
Casanare,2023,0.07656065959952886
Cauca,2023,0.10742326909350464
Cesar,2023,0.2115677321156773
Chocó,2023,0.07654320987654321
Córdoba,2023,0.109353507565337
Cundinamarca,2023,0.054302567661346286
Guainía,2023,0.0
Guaviare,2023,0.2222222222222222
Huila,2023,0.12757605495583907
La Guajira,2023,0.15886188500296383
Magdalena,2023,0.15948095437421514
Meta,2023,0.12742857142857142
Nariño,2023,0.10300136425648022
Norte De Santander,2023,0.11630990717939003
Putumayo,2023,0.13565150936186474
Quindío,2023,0.1006993006993007
Risaralda,2023,0.11221789883268482
Santander,2023,0.1495235480961531
Sucre,2023,0.10669162377164249
Tolima,2023,0.09944903581267217
Valle Del Cauca,2023,0.13527467053122594
Vichada,2023,0.3333333333333333
Departamento de oferta del programa,2023,2023.0
Amazonas,2023,0.0
Antioquia,2023,0.11260467166152491
"Archipiélago De San Andrés, Providencia Y Santa Catalina",2023,0.18465227817745802
Atlántico,2023,0.12288340590227383
Bogotá D.C.,2023,0.235045742434905
Bolívar,2023,0.11038738429893727
Boyacá,2023,0.15800488315312172
Caldas,2023,0.09280835676978706
Caquetá,2023,0.5
Casanare,2023,0.06325301204819277
Cauca,2023,0.5
Cesar,2023,0.34285714285714286
Chocó,2023,0.06299212598425197
Córdoba,2023,0.12637362637362637
Cundinamarca,2023,0.03266157053509382
Huila,2023,0.16545718432510886
La Guajira,2023,0.16410614525139663
Magdalena,2023,0.10709614126880314
Meta,2023,0.07489597780859916
Nariño,2023,0.21428571428571427
Norte De Santander,2023,0.11588785046728972
Putumayo,2023,0.23076923076923078
Quindío,2023,0.1148936170212766
Risaralda,2023,0.12337371018393899
Santander,2023,0.11575282854656223
Sucre,2023,0.08581235697940504
Tolima,2023,0.08165282720442862
Valle Del Cauca,2023,0.1685258486266043
Departamento de oferta del programa,2023,2023.0
Amazonas,2023,0.4
Antioquia,2023,0.13795306691449813
Arauca,2023,0.07407407407407407
Atlántico,2023,0.11174438687392055
Bogotá D.C.,2023,0.1546308607799115
Bolívar,2023,0.09461260232248239
Boyacá,2023,0.1284722222222222
Caldas,2023,0.11325545962417471
Caquetá,2023,0.16032064128256512
Casanare,2023,0.12432432432432433
Cauca,2023,0.1062992125984252
Cesar,2023,0.20418006430868169
Chocó,2023,0.09933774834437085
Córdoba,2023,0.09228650137741047
Cundinamarca,2023,0.0615028901734104
Guainía,2023,0.0
Guaviare,2023,0.2222222222222222
Huila,2023,0.10822831727205337
La Guajira,2023,0.12941176470588237
Magdalena,2023,0.25261627906976747
Meta,2023,0.16423712342079688
Nariño,2023,0.09379615952732644
Norte De Santander,2023,0.1163575042158516
Putumayo,2023,0.13517665130568357
Quindío,2023,0.09790794979079498
Risaralda,2023,0.10629170638703528
Santander,2023,0.15111695137976347
Sucre,2023,0.12114014251781473
Tolima,2023,0.14032697547683923
Valle Del Cauca,2023,0.11510477299185098
Vichada,2023,0.3333333333333333
